{
  "artifact_name": "phasec_posthoc_test_slice_metrics",
  "results_dir": "C:\\Users\\cyl\\Desktop\\iTransformer-phasec-clean\\results\\pcgl1_iTransformer_phasec_synth_M_ft96_sl48_ll96_pl512_dm8_nh2_el1_dl2048_df1_fctimeF_ebTrue_dtgl1_projection_0",
  "variant_name": "gating_regime_light_aux_input_gpu",
  "evaluation_unit": "prediction_elements_without_timestamp_dedup",
  "indexing": "zero_based_half_open_[start,end)",
  "pred_shape": [
    618,
    96,
    10
  ],
  "test_window_count": 618,
  "forecast_time_min": 2996,
  "forecast_time_max": 5999,
  "global_metrics_from_results": {
    "mae": 0.7288652658462524,
    "mse": 0.9047273993492126,
    "rmse": 0.9511715769767761,
    "mape": 1.3529090881347656,
    "mspe": 78.21778106689453
  },
  "slices": {
    "pre_eval": {
      "intervals": [
        [
          2900,
          3400
        ]
      ],
      "prediction_element_count": 29664,
      "scalar_element_count": 296640,
      "mae": 0.6875647306442261,
      "mse": 0.94024658203125,
      "rmse": 0.969663143157959
    },
    "post_eval": {
      "intervals": [
        [
          5500,
          6000
        ]
      ],
      "prediction_element_count": 29664,
      "scalar_element_count": 296640,
      "mae": 0.7701656818389893,
      "mse": 0.8692085146903992,
      "rmse": 0.9323135018348694
    }
  }
}