{
  "artifact_name": "phasec_posthoc_test_slice_metrics",
  "results_dir": "C:\\Users\\cyl\\Desktop\\iTransformer-phasec-clean\\results\\pcre2_iTransformer_phasec_synth_M_ft96_sl48_ll96_pl512_dm8_nh2_el1_dl2048_df1_fctimeF_ebTrue_dtre2_projection_0",
  "variant_name": "regime_only_extra_time_feature_gpu",
  "evaluation_unit": "prediction_elements_without_timestamp_dedup",
  "indexing": "zero_based_half_open_[start,end)",
  "pred_shape": [
    618,
    96,
    10
  ],
  "test_window_count": 618,
  "forecast_time_min": 2996,
  "forecast_time_max": 5999,
  "global_metrics_from_results": {
    "mae": 0.7147436141967773,
    "mse": 0.8901235461235046,
    "rmse": 0.9434635639190674,
    "mape": 1.3722140789031982,
    "mspe": 100.03904724121094
  },
  "slices": {
    "pre_eval": {
      "intervals": [
        [
          2900,
          3400
        ]
      ],
      "prediction_element_count": 29664,
      "scalar_element_count": 296640,
      "mae": 0.6926528811454773,
      "mse": 0.9554310441017151,
      "rmse": 0.9774615168571472
    },
    "post_eval": {
      "intervals": [
        [
          5500,
          6000
        ]
      ],
      "prediction_element_count": 29664,
      "scalar_element_count": 296640,
      "mae": 0.7368346452713013,
      "mse": 0.824816107749939,
      "rmse": 0.9081938862800598
    }
  }
}