{
  "artifact_name": "phasec_posthoc_test_slice_metrics",
  "results_dir": "C:\\Users\\cyl\\Desktop\\iTransformer-phasec-clean\\results\\pcrl2_iTransformer_phasec_synth_M_ft96_sl48_ll96_pl512_dm8_nh2_el1_dl2048_df1_fctimeF_ebTrue_dtrl2_projection_0",
  "variant_name": "regime_light_aux_input_gpu",
  "evaluation_unit": "prediction_elements_without_timestamp_dedup",
  "indexing": "zero_based_half_open_[start,end)",
  "pred_shape": [
    618,
    96,
    10
  ],
  "test_window_count": 618,
  "forecast_time_min": 2996,
  "forecast_time_max": 5999,
  "global_metrics_from_results": {
    "mae": 0.7267856001853943,
    "mse": 0.9015757441520691,
    "rmse": 0.9495134353637695,
    "mape": 1.3467819690704346,
    "mspe": 74.79505157470703
  },
  "slices": {
    "pre_eval": {
      "intervals": [
        [
          2900,
          3400
        ]
      ],
      "prediction_element_count": 29664,
      "scalar_element_count": 296640,
      "mae": 0.6909926533699036,
      "mse": 0.9445242881774902,
      "rmse": 0.9718663692474365
    },
    "post_eval": {
      "intervals": [
        [
          5500,
          6000
        ]
      ],
      "prediction_element_count": 29664,
      "scalar_element_count": 296640,
      "mae": 0.762578547000885,
      "mse": 0.8586272597312927,
      "rmse": 0.9266214370727539
    }
  }
}